ID,Distance,Elevation
1,0,37.622410658322224
2,0.654099439654711,37.664794504681836
3,1.308198879309422,37.708958942834656
4,1.9622983189641325,37.74840392081241
5,2.616397758618844,37.77146092931149
6,3.2704971982735547,37.79175129865022
7,3.924596637928265,37.805229633501696
8,4.578696077582976,37.73488959183747
9,5.232795517237688,37.64801188176746
10,5.886894956892398,37.55363920925027
11,6.540994396547109,37.5040122226348
12,7.195093836201821,37.53008014146907
13,7.84919327585653,37.56897128348116
14,8.503292715511241,37.61253732652841
15,9.157392155165953,37.768191312606646
16,9.811491594820664,37.93044296352602
17,10.465591034475375,38.09493154221609
18,11.119690474130085,38.244261855390526
19,11.773789913784796,38.37553876033797
20,12.427889353439507,38.503843969837504
21,13.081988793094219,38.627965965294834
22,13.736088232748928,38.734287579726136
23,14.390187672403641,38.846788715599736
24,15.04428711205835,38.965469372915635
25,15.69838655171306,39.084016512145766
26,16.352485991367775,39.1954181518682
27,17.006585431022483,39.32571874606913
28,17.660684870677194,39.4803766067492
29,18.314784310331905,39.69297248779814
30,18.968883749986617,39.90306835287541
31,19.622983189641328,40.11066420198101
32,20.277082629296036,40.31569517402184
33,20.93118206895075,40.51836950111078
34,21.585281508605462,40.72120758028928
35,22.23938094826017,40.92214011650036
36,22.89348038791488,41.11872124501215
37,23.547579827569592,41.325706562585296
38,24.201679267224304,41.549347025132576
39,24.855778706879015,41.84109135065424
40,25.509878146533726,42.15917450067616
41,26.163977586188437,42.48347005816548
42,26.81807702584315,42.819646198956214
43,27.472176465497856,43.17731546158949
44,28.12627590515257,43.53567126237609
45,28.780375344807283,43.88689885346805
46,29.43447478446199,44.225898865680136
47,30.0885742241167,44.56297096161248
48,30.74267366377141,44.900279701313224
49,31.39677310342612,45.23591037660795
50,32.050872543080835,45.57564230420227
51,32.70497198273555,45.91643022988256
52,33.35907142239026,46.22657396911072
53,34.013170862044966,46.522843908240226
54,34.66727030169968,46.81393390496253
55,35.32136974135439,47.10018796087819
56,35.975469181009096,47.38218407128942
57,36.62956862066381,47.65788444402987
58,37.283668060318526,47.93440897911719
59,37.93776749997323,48.20883968235579
60,38.59186693962794,48.4635208218721
61,39.245966379282656,48.713848863768426
62,39.900065818937364,48.961636883905996
63,40.55416525859207,49.19096005610001
64,41.20826469824679,49.375342392715616
65,41.8623641379015,49.50056323034115
66,42.51646357755621,49.586045883527504
67,43.170563017210924,49.577458850763236
68,43.82466245686563,49.544790513402106
69,44.47876189652034,49.48997462473031
70,45.132861336175054,49.45081864950962
71,45.78696077582976,49.50112963676963
72,46.44106021548448,49.57226483229657
73,47.095159655139184,49.66517628580327
74,47.7492590947939,50.01443284548736
75,48.40335853444861,50.45625915848509
76,49.057457974103315,50.990655224796456
77,49.71155741375803,51.37038410833114
78,50.36565685341274,51.522249800215974
79,51.01975629306745,51.66253384772763
80,51.67385573272217,51.78277907866429
81,52.327955172376875,51.83403194187256
82,52.98205461203158,51.89910710656778
83,53.6361540516863,51.97800457274993
84,54.290253491341005,52.10725803223322
85,54.94435293099571,52.27774440281799
86,55.59845237065043,52.47449484138387
87,56.25255181030514,52.70449956488805
88,56.90665124995985,52.9790514941967
89,57.560750689614565,53.25434386761737
90,58.21485012926927,53.516849342902546
91,58.86894956892398,53.79826958785068
92,59.52304900857869,54.10456297179037
93,60.1771484482334,54.42098118309349
94,60.83124788788811,54.73844031790627
95,61.48534732754282,55.0344253692398
96,62.13944676719753,55.335592512263965
97,62.79354620685224,55.61925025360592
98,63.44764564650696,55.84085839487078
99,64.10174508616167,56.0377299879934
100,64.75584452581639,56.226600106075715
101,65.4099439654711,56.42838874044973
102,66.0640434051258,56.68197984522356
103,66.71814284478052,56.95000147546998
104,67.37224228443523,57.221810204473016
105,68.02634172408993,57.467743006956965
106,68.68044116374465,57.716963279584284
107,69.33454060339936,57.974390819182304
108,69.98864004305406,58.25869963468669
109,70.64273948270878,58.58495712215277
110,71.29683892236349,58.87336173534652
111,71.95093836201819,59.144262140175215
112,72.60503780167292,59.34235530225088
113,73.25913724132762,59.544908437911076
114,73.91323668098234,59.758811320612686
115,74.56733612063705,59.9711783129719
116,75.22143556029175,60.182267542867066
117,75.87553499994647,60.40566009274892
118,76.52963443960118,60.633716016605575
119,77.18373387925588,60.891833169388875
120,77.8378333189106,61.146210820182276
121,78.49193275856531,61.396206831877116
122,79.14603219822001,61.537129015766894
123,79.80013163787473,61.49402617589668
124,80.45423107752944,61.41918417060829
125,81.10833051718414,61.31491872002833
126,81.76242995683886,61.134354117469336
127,82.41652939649359,60.93371954671253
128,83.07062883614829,60.713015007757946
129,83.724728275803,60.520627251955155
130,84.37882771545772,60.387046093303226
131,85.03292715511242,60.25696848293597
132,85.68702659476713,60.128615178471954
133,86.34112603442185,59.961483050062185
134,86.99522547407655,59.74665160688414
135,87.64932491373126,59.48412084893784
136,88.30342435338598,59.34243956186206
137,88.95752379304068,59.2276889328804
138,89.6116232326954,59.09038222000795
139,90.26572267235011,58.944108404339474
140,90.91982211200481,58.828661466892825
141,91.57392155165952,58.677944436998054
142,92.22802099131425,58.51999684397449
143,92.88212043096895,58.39514019041952
144,93.53621987062367,58.26863294170835
145,94.19031931027837,58.13424220080988
146,94.84441874993308,57.99851523870642
147,95.4985181895878,57.8786422860325
148,96.1526176292425,57.757482031942196
149,96.80671706889721,57.6159280633167
150,97.46081650855193,57.42651331822604
151,98.11491594820663,57.22919910953004
152,98.76901538786134,57.03545489923133
153,99.42311482751606,56.85954232444235
154,100.07721426717076,56.72968394032493
155,100.73131370682547,56.633783480046496
156,101.38541314648019,56.566082317016566
157,102.0395125861349,56.509049890277254
158,102.69361202578962,56.45601117959258
159,103.34771146544433,56.40644380922983
160,104.00181090509903,56.36836439923941
161,104.65591034475375,56.34850101218077
162,105.31000978440846,56.3372988626171
163,105.96410922406317,56.32726727486142
164,106.61820866371788,56.31700716885005
165,107.2723081033726,56.31015636887935
166,107.9264075430273,56.30692710004634
167,108.58050698268201,56.309262485454035
168,109.23460642233673,56.32078248612701
169,109.88870586199143,56.3446810754792
170,110.54280530164614,56.378622107616394
171,111.19690474130086,56.43508133720389
172,111.85100418095557,56.50177118324568
173,112.50510362061029,56.57853635809759
174,113.159203060265,56.674031323673084
175,113.8133024999197,56.796833681035345
176,114.46740193957442,56.95398672576769
177,115.12150137922913,57.14705044174743
178,115.77560081888383,57.3906784902375
179,116.42970025853855,57.6493540991181
180,117.08379969819325,57.92307726801179
181,117.73789913784796,58.109450054650154
182,118.39199857750268,58.201467327865196
183,119.04609801715738,58.28391951420629
184,119.70019745681209,58.351444097577115
185,120.3542968964668,58.374514441308236
186,121.0083963361215,58.39374966425397
187,121.66249577577622,58.40914976641431
188,122.31659521543094,58.425611385443396
189,122.97069465508564,58.441172767684584
190,123.62479409474035,58.458778847013534
191,124.27889353439507,58.47570229860804
192,124.93299297404977,58.48359971753936
193,125.58709241370448,58.4943249956
194,126.24119185335923,58.51274396034351
195,126.89529129301393,58.53271688931682
196,127.54939073266864,58.55177548439646
197,128.20349017232334,58.571993566135035
198,128.85758961197806,58.58659231240479
199,129.51168905163277,58.581433988795894
200,130.1657884912875,58.57508379746087
201,130.8198879309422,58.57433723678085
202,131.4739873705969,58.57312919634168
203,132.1280868102516,58.57042430943645
204,132.78218624990632,58.56627752289365
205,133.43628568956103,58.56730032056807
206,134.09038512921575,58.58276084437442
207,134.74448456887046,58.622045985430724
208,135.39858400852515,58.681574510109
209,136.05268344817986,58.74916578281422
210,136.70678288783458,58.818138287601485
211,137.3608823274893,58.88713554166539
212,138.014981767144,58.95904126884816
213,138.66908120679872,59.04278167789761
214,139.3231806464534,59.16904187135907
215,139.97728008610812,59.30165788247999
216,140.63137952576284,59.431706628920494
217,141.28547896541755,59.55976237102429
218,141.93957840507227,59.68622737879949
219,142.59367784472698,59.81832763534318
220,143.24777728438167,59.957272512814484
221,143.90187672403638,60.093616682005994
222,144.5559761636911,60.228841031187415
223,145.21007560334584,60.39499875556294
224,145.86417504300056,60.557295646530065
225,146.51827448265524,60.71561265039504
226,147.17237392230996,60.86142078654473
227,147.82647336196467,61.07281390544124
228,148.4805728016194,61.26278364363958
229,149.1346722412741,61.431179121496235
230,149.78877168092882,61.568158895438714
231,150.4428711205835,61.669064394978044
232,151.09697056023822,61.73389562011423
233,151.75106999989293,61.75758093999086
234,152.40516943954765,61.745734523818264
235,153.05926887920236,61.70253789379977
236,153.71336831885708,61.634543081607276
237,154.36746775851176,61.587619678807464
238,155.02156719816648,61.52592536525999
239,155.6756666378212,61.45000217151602
240,156.3297660774759,61.42259719172263
241,156.98386551713062,61.432281076999075
242,157.63796495678534,61.45973595999544
243,158.29206439644003,61.511826812950716
244,158.94616383609474,61.60553009411226
245,159.60026327574946,61.71096283724447
246,160.25436271540417,61.82119812882599
247,160.90846215505888,61.900257281806915
248,161.5625615947136,61.953896498097336
249,162.2166610343683,61.98946263987294
250,162.870760474023,62.001218327070866
251,163.52485991367772,61.991432663835624
252,164.17895935333243,61.98220962461974
253,164.83305879298717,61.96513767415888
254,165.48715823264186,61.949123266035244
255,166.14125767229658,61.93598934781559
256,166.7953571119513,61.92571278443853
257,167.449456551606,61.92484333462505
258,168.10355599126072,61.941957608994635
259,168.75765543091543,61.97059334074148
260,169.41175487057012,62.00675422334342
261,170.06585431022484,62.0415080666689
262,170.71995374987955,62.081352203234474
263,171.37405318953427,62.12713243685022
264,172.02815262918898,62.18131994117741
265,172.6822520688437,62.23690640337173
266,173.33635150849838,62.272869265280484
267,173.9904509481531,62.30617141043503
268,174.6445503878078,62.34106835895909
269,175.29864982746253,62.37575277971145
270,175.95274926711724,62.41001036019465
271,176.60684870677196,62.44614890666115
272,177.26094814642664,62.499361655949684
273,177.91504758608136,62.56295163955194
274,178.56914702573607,62.62683451140202
275,179.2232464653908,62.70297410910905
276,179.8773459050455,62.77964496868583
277,180.53144534470022,62.856847090132376
278,181.1855447843549,62.928251265030916
279,181.83964422400962,62.99251292443842
280,182.49374366366433,63.056626427217296
281,183.14784310331905,63.123701106757714
282,183.80194254297376,63.236008734660665
283,184.4560419826285,63.35922231778147
284,185.1101414222832,63.49334185612013
285,185.7642408619379,63.69807423088223
286,186.41834030159262,63.95457570636866
287,187.07243974124734,64.22489677109252
288,187.72653918090205,64.50640568085878
289,188.38063862055674,64.7801155659885
290,189.03473806021145,65.05787822992556
291,189.68883749986617,65.33608581253613
292,190.34293693952088,65.62117201509541
293,190.9970363791756,65.93896798417965
294,191.6511358188303,66.27827209175621
295,192.305235258485,66.64850585078601
296,192.9593346981397,67.0710375171353
297,193.61343413779443,67.50692633446582
298,194.26753357744914,67.94388452780554
299,194.92163301710386,68.37540319544655
300,195.57573245675857,68.81898645478265
301,196.22983189641326,69.27534915567499
302,196.88393133606797,69.74314279453517
303,197.5380307757227,70.22681803466631
304,198.1921302153774,70.74125307207579
305,198.84622965503212,71.33831185285563
306,199.50032909468683,72.01418586380025
307,200.15442853434152,72.74388255885185
308,200.80852797399623,73.51882567803504
309,201.46262741365095,74.33802302128399
310,202.11672685330566,75.16775633723415
311,202.77082629296038,76.04625187298295
312,203.42492573261512,76.97431770318877
313,204.0790251722698,77.81695064007616
314,204.73312461192452,78.64799094235391
315,205.38722405157924,79.48138073075638
316,206.04132349123395,80.25758238873689
317,206.69542293088867,80.9152737371364
318,207.34952237054338,81.61613737919542
319,208.00362181019807,82.36969189218635
320,208.65772124985278,83.22304682739153
321,209.3118206895075,84.11304505562381
322,209.9659201291622,85.03648735431184
323,210.62001956881693,85.771496771839
324,211.27411900847162,85.86185539705683
325,211.92821844812633,85.73310232539058
326,212.58231788778104,85.55689026565696
327,213.23641732743576,85.1425595762864
328,213.89051676709047,84.72192155071609
329,214.5446162067452,84.29497618894607
330,215.19871564639988,83.83468045154551
331,215.8528150860546,83.3395117153333
332,216.5069145257093,82.84191619388582
333,217.16101396536402,82.34188997388037
334,217.81511340501874,81.83915905555843
335,218.46921284467345,81.33356874811459
336,219.12331228432814,80.82511905173295
337,219.77741172398285,80.39218137041297
338,220.43151116363757,80.00770384026062
339,221.08561060329228,79.6238406346188
340,221.739710042947,79.22512995017405
341,222.3938094826017,78.74880654662039
342,223.04790892225643,78.28983950564512
343,223.70200836191114,77.85257851729192
344,224.35610780156586,77.46114424211736
345,225.01020724122057,77.08473643229893
346,225.66430668087528,76.71633992942523
347,226.31840612053,76.35150902123556
348,226.9725055601847,75.97316481373878
349,227.6266049998394,75.59374791156688
350,228.28070443949412,75.22321482009696
351,228.93480387914883,74.86515212129898
352,229.58890331880355,74.51872793611633
353,230.24300275845826,74.18218040746834
354,230.89710219811295,73.87938780382122
355,231.55120163776766,73.6373861240261
356,232.20530107742238,73.39748680363526
357,232.8594005170771,73.17722170087448
358,233.5134999567318,72.86450191675523
359,234.1675993963865,72.52966083662002
360,234.8216988360412,72.1918993418415
361,235.47579827569592,71.86019331248805
362,236.12989771535064,71.54234680317629
363,236.78399715500535,71.23238294366385
364,237.43809659466007,70.92215835690513
365,238.09219603431475,70.58359083015804
366,238.74629547396947,70.22696861103334
367,239.40039491362418,69.85465331633279
368,240.0544943532789,69.48154805215094
369,240.7085937929336,69.10946859812283
370,241.36269323258833,68.70898897046585
371,242.016792672243,68.31778252383094
372,242.67089211189773,67.86506813249322
373,243.32499155155244,67.41403707275646
374,243.97909099120716,66.96793281422669
375,244.63319043086187,66.52232821360987
376,245.2872898705166,66.05536267155671
377,245.94138931017127,65.59936048703818
378,246.595488749826,65.16560417717766
379,247.2495881894807,64.80999123532727
380,247.90368762913542,64.45284926282432
381,248.55778706879013,64.09417825966877
382,249.21188650844485,63.74168163208613
383,249.86598594809954,63.383936395287435
384,250.52008538775425,63.025831446399515
385,251.17418482740896,62.677253066383166
386,251.82828426706374,62.42743077892743
387,252.48238370671845,62.17701281367644
388,253.13648314637314,61.9259991706302
389,253.79058258602785,61.677764882660384
390,254.44468202568257,61.42611886434813
391,255.09878146533728,61.170827582715106
392,255.752880904992,60.91859812846964
393,256.4069803446467,60.69863726369252
394,257.0610797843014,60.475523747909094
395,257.7151792239561,60.25199031157578
396,258.3692786636108,60.099126986783716
397,259.02337810326554,59.96103112513249
398,259.67747754292026,59.808401335533176
399,260.331576982575,59.64615822513622
400,260.9856764222297,59.50879433158775
401,261.6397758618844,59.39373428275478
402,262.2938753015391,59.26012698718652
403,262.9479747411938,59.052963244585996
404,263.6020741808485,58.81090745411262
405,264.2561736205032,58.549664871683156
406,264.9102730601579,58.28961518408165
407,265.56437249981263,58.06848711955052
408,266.21847193946735,57.87168254243985
409,266.87257137912206,57.77223481271191
410,267.5266708187768,57.82686751926402
411,268.1807702584315,57.88424384613646
412,268.8348696980862,57.91222379589268
413,269.4889691377409,57.89705079084951
414,270.14306857739564,57.8614486471166
415,270.7971680170503,57.78455436414909
416,271.451267456705,57.68629569127834
417,272.1053668963597,57.496021796850506
418,272.75946633601444,57.347206417709714
419,273.41356577566916,57.25306625903733
420,274.06766521532387,57.166292650758436
421,274.7217646549786,57.01221276145833
422,275.3758640946333,56.77768281887849
423,276.029963534288,56.49271113826015
424,276.68406297394273,56.366200783065395
425,277.33816241359744,56.29628248598104
426,277.99226185325216,56.276918146258026
427,278.6463612929068,56.28830075564919
428,279.30046073256153,56.31353115341022
429,279.95456017221625,56.333968224775205
430,280.60865961187096,56.34569736563675
431,281.2627590515257,56.34935891581857
432,281.9168584911804,56.369819800338846
433,282.5709579308351,56.40708001919761
434,283.2250573704898,56.428023772045464
435,283.87915681014454,56.400744031107685
436,284.53325624979925,56.35568312151439
437,285.18735568945397,56.28462504742316
438,285.8414551291086,56.127921650230604
439,286.49555456876334,55.96546421573521
440,287.14965400841805,55.79725274393698
441,287.80375344807277,55.621335790239236
442,288.4578528877275,55.44108267436717
443,289.1119523273822,55.26160661794011
444,289.7660517670369,55.08444605550389
445,290.4201512066917,54.917873602877734
446,291.0742506463464,54.75575873229599
447,291.7283500860011,54.59310704843136
448,292.38244952565583,54.45601563186758
449,293.0365489653105,54.339102228080804
450,293.6906484049652,54.22883790393009
451,294.3447478446199,54.124122632357384
452,294.99884728427463,54.01895720485025
453,295.65294672392935,53.914742420790986
454,296.30704616358406,53.80711332098468
455,296.9611456032388,53.714637419896114
456,297.6152450428935,53.6238404182448
457,298.2693444825482,53.52913167475987
458,298.9234439222029,53.434909660869394
459,299.57754336185764,53.352802504381685
460,300.23164280151235,53.27909572732192
461,300.885742241167,53.21506116783988
462,301.5398416808217,53.134497660237685
463,302.19394112047644,53.04678249502505
464,302.84804056013115,52.95492945415852
465,303.50213999978587,52.868155032144045
466,304.1562394394406,52.794370864842264
467,304.8103388790953,52.72910016630719
468,305.46443831875,52.66634669702302
469,306.1185377584047,52.600786397281176
470,306.77263719805944,52.529761673414285
471,307.42673663771416,52.453335504678876
472,308.0808360773689,52.35722200423998
473,308.73493551702353,52.24583839247641
474,309.38903495667824,52.138157832466725
475,310.04313439633296,52.03294101209171
476,310.6972338359877,51.8932104627357
477,311.3513332756424,51.7538248819657
478,312.0054327152971,51.615816784907764
479,312.6595321549518,51.492703893471656
480,313.31363159460653,51.39221596265175
481,313.96773103426125,51.29745881312384
482,314.62183047391596,51.20704349901551
483,315.2759299135707,51.11410420445945
484,315.9300293532254,51.0222172627073
485,316.58412879288005,50.93138267375907
486,317.23822823253477,50.84075239764679
487,317.8923276721895,50.745936772531735
488,318.5464271118442,50.646383186580756
489,319.2005265514989,50.543969432720225
490,319.8546259911536,50.45357679280811
491,320.50872543080834,50.36073804288302
492,321.16282487046306,50.26545318294499
493,321.81692431011777,50.16746825367508
494,322.4710237497725,50.06886563790268
495,323.1251231894272,49.968742806288546
496,323.7792226290819,49.86860133992423
497,324.4333220687366,49.77855665250285
498,325.0874215083913,49.69478946653675
499,325.741520948046,49.61639721401238
500,326.3956203877007,49.523024893174934
501,327.04971982735543,49.42392021157899
502,327.70381926701015,49.32570480878608
503,328.35791870666486,49.22923557114913
504,329.01201814631963,49.13752543201264
505,329.66611758597435,49.048653322941064
506,330.32021702562906,48.9733102102731
507,330.9743164652837,48.91506033872797
508,331.62841590493844,48.86556496740624
509,332.28251534459315,48.82233896079133
510,332.93661478424787,48.78374502700154
511,333.5907142239026,48.743860787363175
512,334.2448136635573,48.698419029036614
513,334.898913103212,48.648157538145924
514,335.5530125428667,48.586796261947896
515,336.20711198252144,48.51599016797537
516,336.86121142217615,48.43796304875461
517,337.51531086183087,48.3466819253522
518,338.1694103014856,48.2454516834668
519,338.82350974114024,48.13682608642363
520,339.47760918079496,48.03010303488793
521,340.1317086204497,47.955595985245424
522,340.7858080601044,47.87524389681677
523,341.4399074997591,47.78576949624417
524,342.0940069394138,47.69415816752122
525,342.74810637906853,47.60231803388454
526,343.40220581872325,47.5064163021946
527,344.05630525837796,47.40571626211751
528,344.7104046980327,47.32275833386532
529,345.3645041376874,47.236879684129256
530,346.0186035773421,47.147662594310965
531,346.67270301699676,47.0519532926413
532,347.3268024566515,46.965281585201616
533,347.9809018963062,46.87820595108536
534,348.6350013359609,46.78930564317399
535,349.2891007756156,46.705631236584274
536,349.94320021527034,46.61726938480549
537,350.59729965492505,46.52422008783762
538,351.25139909457977,46.42967348804918
539,351.9054985342345,46.33675998049852
540,352.5595979738892,46.24101691866261
541,353.2136974135439,46.14210797911865
542,353.8677968531986,46.03517470963169
543,354.5218962928533,45.92065968571372
544,355.175995732508,45.79856290736473
545,355.8300951721627,45.697639499949084
546,356.48419461181743,45.59753843268754
547,357.13829405147214,45.48643071794565
548,357.79239349112686,45.35807794586469
549,358.4464929307816,45.19978628243136
550,359.1005923704363,45.04500698206803
551,359.754691810091,44.89351196551704
552,360.4087912497457,44.76752912584103
553,361.06289068940043,44.652691270315614
554,361.71699012905515,44.53970757635096
555,362.3710895687098,44.42938112135045
556,363.0251890083645,44.32439341317694
557,363.67928844801924,44.223028931297065
558,364.33338788767395,44.12285019728286
559,364.98748732732867,44.03501984033606
560,365.6415867669834,43.954420822815635
561,366.2956862066381,43.87959855768757
562,366.9497856462928,43.79180061858479
563,367.6038850859475,43.671027356327805
564,368.2579845256023,43.56131872966599
565,368.912083965257,43.47381652414382
566,369.56618340491167,43.46492199182836
567,370.2202828445664,43.46801960876129
568,370.8743822842211,43.47183258149843
569,371.5284817238758,43.46314093923812
570,372.18258116353053,43.42990995986654
571,372.83668060318524,43.35280766328659
572,373.49078004283996,43.27236731276855
573,374.1448794824947,43.18273013193097
574,374.7989789221494,43.094020823207074
575,375.4530783618041,43.00704972737803
576,376.1071778014588,42.93784457753737
577,376.7612772411135,42.92930061757564
578,377.4153766807682,42.959861904645194
579,378.0694761204229,42.995606300498956
580,378.7235755600776,43.048500245505586
581,379.37767499973233,43.10395683680076
582,380.03177443938705,43.16184123042481
583,380.68587387904176,43.22142866635468
584,381.3399733186965,43.286861548861005
585,381.9940727583512,43.35343304685805
586,382.6481721980059,43.42107052508325
587,383.3022716376606,43.490060912117386
588,383.95637107731534,43.5560529073352
589,384.61047051697,43.61904651073674
590,385.2645699566247,43.63061987777029
591,385.9186693962794,43.593032947183545
592,386.57276883593414,43.547406231032355
593,387.22686827558886,43.49554730010542
594,387.88096771524357,43.45307063851984
595,388.5350671548983,43.411161854172185
596,389.189166594553,43.36982094706247
597,389.8432660342077,43.27244919082116
598,390.49736547386243,43.137582708237815
599,391.15146491351715,42.98358605190655
600,391.80556435317186,42.82360765687943
601,392.4596637928265,42.73387541884867
602,393.11376323248123,42.68294631724382
603,393.76786267213595,42.66732219170127
604,394.42196211179066,42.641715978527166
605,395.0760615514454,42.609727856368124
606,395.7301609911001,42.577777705702005
607,396.3842604307548,42.54888301580504
608,397.0383598704095,42.5313216897618
609,397.69245931006424,42.518184381675475
610,398.34655874971895,42.50367459526065
611,399.00065818937367,42.478297083575875
612,399.6547576290284,42.44984270974722
613,400.30885706868304,42.421272726283874
614,400.96295650833775,42.39940401238392
615,401.61705594799247,42.39551756141556
616,402.2711553876472,42.39524255698751
617,402.9252548273019,42.39115135527221
618,403.5793542669566,42.38035818599246
619,404.23345370661133,42.36664974170246
620,404.88755314626604,42.35060130416099
621,405.54165258592076,42.35057386175156
622,406.1957520255755,42.38795806785787
623,406.84985146523024,42.42908805770622
624,407.5039509048849,42.46457440652562
625,408.1580503445396,42.45130815935035
626,408.81214978419433,42.43029219227343
627,409.46624922384905,42.4047647371934
628,410.12034866350376,42.392471458362806
629,410.7744481031585,42.407370629655006
630,411.4285475428132,42.42368081221399
631,412.0826469824679,42.441596307442595
632,412.7367464221226,42.388091294018764
633,413.39084586177734,42.341496053166544
634,414.04494530143205,42.301905196634166
635,414.69904474108677,42.30306947354486
636,415.3531441807414,42.34085562644457
637,416.00724362039614,42.3859590894476
638,416.66134306005085,42.436690930599106
639,417.31544249970557,42.46653547653877
640,417.9695419393603,42.495203923291335
641,418.623641379015,42.522696270856805
642,419.2777408186697,42.57821844260992
643,419.9318402583244,42.65239897992169
644,420.58593969797914,42.72340449016883
645,421.24003913763386,42.79514545684593
646,421.8941385772886,42.893324719603925
647,422.54823801694323,42.99614430221602
648,423.20233745659795,43.104167886601616
649,423.85643689625266,43.22304953039749
650,424.5105363359074,43.33712543382724
651,425.1646357755621,43.4520685790329
652,425.8187352152168,43.56211007559632
653,426.4728346548715,43.63681119677396
654,427.12693409452623,43.689998076897936
655,427.78103353418095,43.7466959837196
656,428.43513297383566,43.84481549564663
657,429.0892324134904,43.94507106284303
658,429.7433318531451,44.038609405137734
659,430.39743129279975,44.12914668006539
660,431.05153073245447,44.224623429817925
661,431.7056301721092,44.31600759600402
662,432.3597296117639,44.406482680405375
663,433.0138290514186,44.484295879821495
664,433.6679284910733,44.55428553228555
665,434.32202793072804,44.618813053298624
666,434.97612737038276,44.662595741400644
667,435.63022681003747,44.66716267293562
668,436.2843262496922,44.65853977115837
669,436.9384256893469,44.64265624039306
670,437.5925251290016,44.65379644651844
671,438.2466245686563,44.68625215147952
672,438.900724008311,44.736882640304025
673,439.5548234479657,44.79817137729633
674,440.2089228876204,44.84168665377546
675,440.86302232727513,44.86709755616745
676,441.51712176692985,44.896309337194964
677,442.17122120658456,44.90301606865388
678,442.8253206462393,44.90643580379121
679,443.479420085894,44.9080891864354
680,444.1335195255487,44.93907089375932
681,444.7876189652034,44.985913758188524
682,445.44171840485814,45.01932866509767
683,446.09581784451285,45.049338024819775
684,446.74991728416757,45.099720140664175
685,447.4040167238223,45.150613515538296
686,448.058116163477,45.20201814944216
687,448.7122156031317,45.2567412280254
688,449.3663150427864,45.335142986258084
689,450.02041448244114,45.41296330600536
690,450.67451392209585,45.48685995569264
691,451.32861336175057,45.51293630236178
692,451.9827128014053,45.52684922714113
693,452.63681224106,45.528598730030666
694,453.29091168071466,45.56710546536108
695,453.9450111203694,45.62735779125109
696,454.5991105600241,45.677879583047975
697,455.2532099996788,45.71668141619722
698,455.9073094393335,45.742075589671245
699,456.56140887898823,45.77213245905772
700,457.21550831864295,45.80761188637796
701,457.86960775829766,45.86602735519299
702,458.5237071979524,45.93691977481521
703,459.1778066376071,46.0154285300495
704,459.8319060772618,46.10565470481485
705,460.4860055169165,46.21631054007561
706,461.1401049565712,46.33042144216133
707,461.7942043962259,46.43642396966872
708,462.4483038358806,46.53518271457227
709,463.1024032755353,46.63360131649633
710,463.75650271519004,46.73130557970975
711,464.41060215484475,46.83082301937365
712,465.06470159449947,46.93787321029378
713,465.7188010341542,47.046997314454956
714,466.3729004738089,47.15875264802051
715,467.0269999134636,47.25485102512512
716,467.6810993531183,47.342667242509435
717,468.335198792773,47.42554140228337
718,468.9892982324277,47.507537557783216
719,469.6433976720824,47.5991351717807
720,470.29749711173713,47.699893303754266
721,470.95159655139184,47.814384329888334
722,471.60569599104656,47.90957522463299
723,472.2597954307013,47.98970461423747
724,472.913894870356,48.05762549080432
725,473.5679943100107,48.120003314629386
726,474.2220937496654,48.18750777374783
727,474.87619318932013,48.263544999205536
728,475.53029262897485,48.332615811836334
729,476.1843920686295,48.40473959751946
730,476.8384915082842,48.468929800398236
731,477.49259094793894,48.52460184470799
732,478.14669038759365,48.57022929195174
733,478.80078982724837,48.612331194822836
734,479.4548892669031,48.66042860955889
735,480.1089887065578,48.71457865465365
736,480.7630881462125,48.801774070908465
737,481.4171875858672,48.89222859396226
738,482.07128702552194,48.985942223815016
739,482.72538646517665,49.093827738601796
740,483.37948590483137,49.20799415783283
741,484.033585344486,49.31932966665387
742,484.68768478414074,49.42667190408659
743,485.34178422379546,49.51752067995004
744,485.9958836634502,49.60368065451243
745,486.6499831031049,49.685151827747774
746,487.3040825427596,49.77179816858938
747,487.9581819824143,49.86670512362192
748,488.61228142206903,49.96616153815048
749,489.26638086172375,50.0695755907598
750,489.92048030137846,50.174296182409755
751,490.5745797410332,50.2836703161301
752,491.2286791806879,50.39893891485205
753,491.88277862034255,50.50358618710717
754,492.53687805999726,50.60372773450462
755,493.190977499652,50.708735735557795
756,493.8450769393067,50.82395972709959
757,494.4991763789614,50.959114806576274
758,495.1532758186161,51.092700849720316
759,495.80737525827084,51.22417138424222
760,496.46147469792555,51.37119089596237
761,497.11557413758027,51.525242810784476
762,497.769673577235,51.68095869067152
763,498.4237730168897,51.85338751893786
764,499.0778724565444,52.066312726345615
765,499.73197189619907,52.280781774507524
766,500.3860713358538,52.47356232546363
767,501.0401707755085,52.60514344504585
768,501.6942702151632,52.71725251362055
769,502.34836965481793,52.82003991971343
770,503.00246909447264,52.91240743758462
771,503.6565685341275,52.99631985464783
772,504.3106679737822,53.08301937651874
773,504.9647674134369,53.17179285774876
774,505.6188668530916,53.25993818343014
775,506.2729662927463,53.34581461519906
776,506.927065732401,53.42929036713406
777,507.5811651720557,53.519557197219264
778,508.2352646117104,53.62777546997751
779,508.88936405136513,53.76037508944048
780,509.54346349101985,53.88619815354116
781,510.19756293067456,53.989982546587726
782,510.8516623703293,54.08917412400768
783,511.505761809984,54.184517697457146
784,512.1598612496387,54.268198178829905
785,512.8139606892934,54.3516726743491
786,513.4680601289481,54.433736139304195
787,514.1221595686028,54.509887662981235
788,514.7762590082575,54.588957431080544
789,515.4303584479122,54.66184767773756
790,516.0844578875669,54.72855840295229
791,516.7385573272217,54.79210432983403
792,517.3926567668764,54.84697783019883
793,518.0467562065311,54.896848925402
794,518.7008556461858,54.94493732681717
795,519.3549550858405,55.02250482441721
796,520.0090545254952,55.100630367350774
797,520.66315396515,55.179313955617864
798,521.3172534048047,55.25611398193048
799,521.9713528444594,55.33195049965904
800,522.6254522841141,55.408216569901285
801,523.2795517237688,55.48429241708998
802,523.9336511634235,55.55660022878837
803,524.5877506030782,55.6276814256528
804,525.2418500427328,55.697538822658295
805,525.8959494823876,55.77766966375414
806,526.5500489220423,55.86269085209169
807,527.204148361697,55.94840807145579
808,527.8582478013517,56.03517715468578
809,528.5123472410064,56.12472027888098
810,529.1664466806611,56.21638709443046
811,529.8205461203158,56.31219857576364
812,530.4746455599706,56.41614215992806
813,531.1287449996253,56.52012888816701
814,531.78284443928,56.62191801625295
815,532.4369438789347,56.71907201779044
816,533.0910433185894,56.80879292378671
817,533.7451427582441,56.898448287791155
818,534.3992421978988,56.992753440682996
819,535.0533416375536,57.09884579486712
820,535.7074410772083,57.20841608657912
821,536.361540516863,57.319315719574675
822,537.0156399565177,57.43236615331986
823,537.6697393961724,57.54620601986406
824,538.3238388358271,57.66315505628523
825,538.9779382754818,57.783605861841636
826,539.6320377151366,57.90948621319965
827,540.2861371547913,58.03696648423258
828,540.9402365944459,58.16563607666889
829,541.5943360341006,58.3061251180707
830,542.2484354737553,58.45719131269115
831,542.90253491341,58.602489640738895
832,543.5566343530647,58.750286967664735
833,544.2107337927195,58.91541454397766
834,544.8648332323742,59.09088757036746
835,545.5189326720289,59.27631048402827
836,546.1730321116836,59.48509684031775
837,546.8271315513383,59.711527314722154
838,547.481230990993,59.94677961495901
839,548.1353304306477,60.19365039941273
840,548.7894298703025,60.52315177379275
841,549.4435293099572,60.84731747535447
842,550.0976287496119,61.166147504097914
843,550.7517281892666,61.52136417370749
844,551.4058276289213,61.92303563196062
845,552.059927068576,62.32395715322849
846,552.7140265082307,62.71823234090745
847,553.3681259478855,63.05328722695393
848,554.0222253875402,63.37604273960469
849,554.6763248271949,63.68649887885974
850,555.3304242668496,64.19419974054271
851,555.9845237065043,64.86493343711386
852,556.6386231461589,65.60194942576348
853,557.2927225858136,66.50207504199332
854,557.9468220254684,67.88691491531709
855,558.6009214651231,69.2422150013326
856,559.2550209047778,70.56500271245534
857,559.9091203444325,71.31342986258156
858,560.5632197840872,71.85571267975635
859,561.2173192237419,72.42734068033815
860,561.8714186633966,72.97346835333192
861,562.5255181030514,73.29167377528124
862,563.1796175427061,73.50827494085034
863,563.8337169823608,73.52959944564003
864,564.4878164220155,73.33344772476865
865,565.1419158616702,73.06559552090641
866,565.7960153013249,72.76643378694072
867,566.4501147409796,72.40335149559418
868,567.1042141806344,71.92995382191701
869,567.7583136202891,71.3930425970041
870,568.4124130599438,70.75203643065444
871,569.0665124995985,70.06309469221668
872,569.7206119392532,69.40260846204191
873,570.3747113789079,68.77782899638942
874,571.0288108185626,68.16721369854041
875,571.6829102582172,67.5368636929536
876,572.337009697872,67.01387396099105
877,572.9911091375267,66.60684970014711
878,573.6452085771814,66.25330196513983
879,574.2993080168361,65.86360491357283
880,574.9534074564908,65.43608486474105
881,575.6075068961455,65.02807383702499
882,576.2616063358003,64.68390629601146
883,576.915705775455,64.33537352612238
884,577.5698052151097,63.99517685505502
885,578.2239046547644,63.48926554032112
886,578.8780040944191,62.93312991512473
887,579.5321035340738,62.33058770107545
888,580.1862029737285,61.9092948483646
889,580.8403024133834,61.88558067516849
890,581.4944018530381,61.84966939549142
891,582.1485012926928,61.75392724477585
892,582.8026007323475,61.600447659619405
893,583.4567001720022,61.44029661876856
894,584.110799611657,61.273474122195026
895,584.7648990513117,61.10534114007656
896,585.4189984909664,60.93365685158854
897,586.073097930621,60.76410269604734
898,586.7271973702757,60.589610429994075
899,587.3812968099304,60.35898764490054
900,588.0353962495851,60.12812414766435
901,588.6894956892398,59.89701993828552
902,589.3435951288945,59.69321369662221
903,589.9976945685493,59.50189469882453
904,590.651794008204,59.30770817524865
905,591.3058934478587,59.11111016678669
906,591.9599928875134,58.91402158468003
907,592.6140923271681,58.71453164467707
908,593.2681917668228,58.51610632427933
909,593.9222912064776,58.32739726658943
910,594.5763906461323,58.141644224660666
911,595.230490085787,57.95767855514886
912,595.8845895254417,57.78301446286227
913,596.5386889650964,57.63304060196266
914,597.1927884047511,57.48466595117132
915,597.8468878444058,57.33268636976407
916,598.5009872840606,57.16373243500371
917,599.1550867237153,56.99240396669153
918,599.80918616337,56.82394031190807
919,600.4632856030247,56.6555370677368
920,601.1173850426794,56.48159073647006
921,601.771484482334,56.30858126920323
922,602.4255839219887,56.13844630562286
923,603.0796833616434,55.97049351841197
924,603.7337828012982,55.80474392579177
925,604.3878822409529,55.64097969980162
926,605.0419816806076,55.49256587728789
927,605.6960811202623,55.37263284228065
928,606.350180559917,55.25349061255168
929,607.0042799995717,55.13785242360158
930,607.6583794392265,55.00318415779226
931,608.3124788788812,54.87557715707983
932,608.9665783185359,54.75741149685817
933,609.6206777581906,54.64700745519541
934,610.2747771978453,54.548292173794906
935,610.9288766375,54.4664527972602
936,611.5829760771547,54.39098856316259
937,612.2370755168095,54.323252739163294
938,612.8911749564642,54.25941683765737
939,613.5452743961189,54.199437415901606
940,614.1993738357736,54.14573736105789
941,614.8534732754283,54.09267616200844
942,615.507572715083,54.038981976818135
943,616.1616721547377,53.98620932931634
944,616.8157715943923,53.95516132683687
945,617.4698710340471,53.92382548687979
946,618.1239704737018,53.89220180944509
947,618.7780699133565,53.84919477487181
948,619.4321693530112,53.795437965930105
949,620.0862687926659,53.74138721694941
950,620.7403682323206,53.68740877267868
951,621.3944676719753,53.634849656447045
952,622.0485671116301,53.58022143288221
953,622.7026665512848,53.523524101984165
954,623.3567659909395,53.474515761534
955,624.0108654305942,53.423256162981914
956,624.6649648702489,53.365601419152696
957,625.3190643099036,53.30405645913721
958,625.9731637495584,53.247555961751026
959,626.6272631892131,53.18558824743357
960,627.2813626288678,53.12204975856663
961,627.9354620685225,53.058565684586775
962,628.5895615081772,52.99355285089751
963,629.2436609478319,52.92863799722124
964,629.8977603874866,52.873024765370815
965,630.5518598271414,52.848091191699304
966,631.2059592667961,52.82910863245016
967,631.8600587064508,52.820554737010866
968,632.5141581461054,52.8270681905169
969,633.1682575857601,52.836577800296055
970,633.8223570254148,52.845394430329335
971,634.4764564650695,52.85214936408792
972,635.1305559047242,52.86206095940123
973,635.784655344379,52.886834603043624
974,636.4387547840337,52.92489398681984
975,637.0928542236884,52.96282799426011
976,637.7469536633431,52.99878417836504
977,638.4010531029978,53.0330072350429
978,639.0551525426525,53.06267515694925
979,639.7092519823073,53.08831666549287
980,640.363351421962,53.096946357685646
981,641.0174508616167,53.1085879654911
982,641.6715503012714,53.14022319687528
983,642.3256497409261,53.17140490724259
984,642.9797491805808,53.200641934722256
985,643.6338486202355,53.233789394337755
986,644.2879480598903,53.287664090905125
987,644.942047499545,53.35332429800644
988,645.5961469391997,53.40862269494477
989,646.2502463788544,53.47891403667123
990,646.9043458185091,53.5494527874617
991,647.5584452581638,53.62008205957905
992,648.2125446978184,53.69563639096108
993,648.8666441374731,53.75957822127109
994,649.5207435771279,53.83759351308292
995,650.1748430167826,53.93169143803263
996,650.8289424564373,54.032827865455786
997,651.483041896092,54.13005492426365
998,652.1371413357467,54.22337261445621
999,652.7912407754014,54.294427660861295
1000,653.4453402150561,54.35034721250417
1001,654.0994396547109,54.40540562493251
1002,654.7535390943656,54.460702591694314
1003,655.4076385340203,54.526234825088984
1004,656.061737973675,54.597291910704186
1005,656.7158374133297,54.67387384853992
1006,657.3699368529844,54.76235909296104
1007,658.0240362926393,54.83800599994541
1008,658.678135732294,54.90286391738677
1009,659.3322351719487,54.95576587898417
1010,659.9863346116034,55.00106634723421
1011,660.6404340512581,55.0489261619136
1012,661.2945334909128,55.093519040356774
1013,661.9486329305674,55.12212710045099
1014,662.6027323702222,55.148522792501275
1015,663.2568318098769,55.175705375936175
1016,663.9109312495316,55.20364190619947
1017,664.5650306891863,55.23557290067568
1018,665.219130128841,55.2735132229384
1019,665.8732295684957,55.325280212804806
1020,666.5273290081504,55.359173617601485
1021,667.1814284478052,55.39029751116236
1022,667.8355278874599,55.42420044336167
1023,668.4896273271146,55.457447603156396
1024,669.1437267667693,55.483469350261174
1025,669.797826206424,55.502507564216806
1026,670.4519256460787,55.515192623065886
1027,671.1060250857334,55.56032193578848
1028,671.7601245253882,55.615673252507676
1029,672.4142239650429,55.67657925619184
1030,673.0683234046976,55.763798617274176
1031,673.7224228443523,55.883210133677665
1032,674.376522284007,55.998700226812886
1033,675.0306217236617,56.11139818856381
1034,675.6847211633165,56.22540293111354
1035,676.3388206029712,56.333818865344654
1036,676.9929200426259,56.436248186878764
1037,677.6470194822805,56.539074744043546
1038,678.3011189219352,56.64356243228669
1039,678.9552183615899,56.741192254263574
1040,679.6093178012446,56.836371467719104
1041,680.2634172408993,56.943731692694456
1042,680.9175166805541,57.05287420461897
1043,681.5716161202088,57.16379900349263
1044,682.2257155598635,57.279380148646155
1045,682.8798149995182,57.41056568521059
1046,683.5339144391729,57.54340921105418
1047,684.1880138788276,57.67933456649834
1048,684.8421133184823,57.837711143114745
1049,685.4962127581371,57.997184146589355
1050,686.1503121977918,58.15775357692215
1051,686.8044116374465,58.319783919973105
1052,687.4585110771012,58.48457914207266
1053,688.1126105167559,58.65149466521464
1054,688.7667099564106,58.81910576124084
1055,689.4208093960654,58.97524571252069
1056,690.0749088357201,59.125420749099476
1057,690.7290082753748,59.26967249672426
1058,691.3831077150295,59.44846151201877
1059,692.0372071546842,59.638902110384336
1060,692.6913065943389,59.83068934062398
1061,693.3454060339935,60.023788671143606
1062,693.9995054736482,60.217877987599834
1063,694.653604913303,60.41294473096771
1064,695.3077043529577,60.60457231826557
1065,695.9618037926124,60.78146598146208
1066,696.6159032322671,60.95838021586363
1067,697.2700026719218,61.13937469062384
1068,697.9241021115765,61.3251095948597
1069,698.5782015512312,61.51491915397157
1070,699.232300990886,61.705804802202245
1071,699.8864004305407,61.886811034190316
1072,700.5404998701954,62.0525944002219
1073,701.1945993098501,62.2162104539114
1074,701.8486987495048,62.38205360346716
1075,702.5027981891595,62.56258884119872
1076,703.1568976288142,62.771146680294734
1077,703.810997068469,62.98671955584337
1078,704.4650965081237,63.20738753607209
1079,705.1191959477784,63.42951891181363
1080,705.7732953874331,63.65456048650616
1081,706.4273948270878,63.882693008529
1082,707.0814942667425,64.1152678333956
1083,707.7355937063973,64.35192488733486
1084,708.3896931460519,64.59267933953582
1085,709.0437925857066,64.83195968413645
1086,709.6978920253613,65.04600012270318
1087,710.351991465016,65.2597453771225
1088,711.0060909046707,65.47473826633735
1089,711.6601903443254,65.70752964010309
1090,712.3142897839801,65.95514486482489
1091,712.9683892236349,66.20046230492953
1092,713.6224886632896,66.44586480872121
1093,714.2765881029443,66.69811979827124
1094,714.930687542599,66.95315077517903
1095,715.5847869822537,67.21095773944452
1096,716.2388864219084,67.49339104475102
1097,716.8929858615631,67.76971371398535
1098,717.5470853012179,68.04572583065251
1099,718.2011847408726,68.31895136823346
1100,718.8552841805273,68.56514462324056
1101,719.509383620182,68.81601854281297
1102,720.1634830598367,69.07157312695074
1103,720.8175824994914,69.28891016581231
1104,721.4716819391462,69.48251673833846
1105,722.1257813788009,69.67998419802018
1106,722.7798808184556,69.89697188253359
1107,723.4339802581103,70.21561705495225
1108,724.0880796977649,70.5482859133828
1109,724.7421791374196,70.89387030284712
1110,725.3962785770743,71.28809564783577
1111,726.050378016729,71.72611974857301
1112,726.7044774563838,72.18437112797872
1113,727.3585768960385,72.66288189342528
1114,728.0126763356932,73.18895596202259
1115,728.6667757753479,73.78012198430358
1116,729.3208752150026,74.34691624269409
1117,729.9749746546573,74.72427449617858
1118,730.629074094312,75.05261658262881
1119,731.2831735339668,75.37900652750527
1120,731.9372729736215,75.72512013867815
1121,732.5913724132762,76.14573323242246
1122,733.2454718529309,76.60163385356628
1123,733.8995712925856,77.11994393614742
1124,734.5536707322403,77.65538605541593
1125,735.207770171895,78.2156863042012
1126,735.8618696115499,78.79797543794785
1127,736.5159690512046,79.63816922347681
1128,737.1700684908593,80.83811149032798
1129,737.824167930514,81.87603678598866
1130,738.4782673701686,82.77675562808959
1131,739.1323668098233,83.7499106910391
1132,739.786466249478,84.85242379549285
1133,740.4405656891328,86.07345813448711
1134,741.0946651287875,87.23744013694723
1135,741.7487645684422,88.18809832589731
1136,742.4028640080969,89.1622114356984
1137,743.0569634477516,90.14363541401221
1138,743.7110628874063,91.29496629964258
1139,744.3651623270611,92.5106160366408
1140,745.0192617667158,93.78338778218276
1141,745.6733612063705,94.89678972760699
1142,746.3274606460252,95.72872202691082
1143,746.9815600856799,96.53971628584634
1144,747.6356595253346,97.34406382751565
1145,748.2897589649893,98.04115998435748
1146,748.9438584046441,98.65644723775554
1147,749.5979578442988,99.18992558770987
1148,750.2520572839535,99.8848805328402
1149,750.9061567236082,100.88993424423052
1150,751.5602561632629,101.8680627768254
1151,752.2143556029176,102.77188595423337
1152,752.8684550425724,103.12403621792036
1153,753.522554482227,103.40535879833632
1154,754.1766539218817,103.61585369541132
1155,754.8307533615364,103.64615081814954
1156,755.4848528011911,103.56407346816233
1157,756.1389522408458,103.44363406132328
1158,756.7930516805005,103.27085181463755
1159,757.4471511201552,103.00537610666505
1160,758.10125055981,102.74021976607051
1161,758.7553499994647,102.47748498973175
1162,759.4094494391194,102.21380232225097
1163,760.0635488787741,101.94626150165958
1164,760.7176483184288,101.68198487333497
1165,761.3717477580835,101.43063093291408
1166,762.0258471977382,101.21277311548134
1167,762.679946637393,100.99228916247543
1168,763.3340460770477,100.74518846770586
1169,763.9881455167024,100.45363152047321
1170,764.6422449563571,100.14908984389594
1171,765.2963443960118,99.84035909797421
1172,765.9504438356665,99.48703588006276
1173,766.6045432753212,99.02199530981045
1174,767.258642714976,98.5448617797742
1175,767.9127421546307,98.09941439329519
1176,768.5668415942854,97.54608232571667
1177,769.22094103394,96.91255867382989
1178,769.8750404735947,96.21773343692814
1179,770.5291399132494,95.29961206074714
1180,771.1832393529041,94.11794455680558
1181,771.8373387925589,93.00285245907624
1182,772.4914382322136,91.8976708157217
1183,773.1455376718683,90.6386487348609
1184,773.799637111523,89.38674317087754
1185,774.4537365511777,88.16204011320046
1186,775.1078359908324,87.09559984194462
1187,775.7619354304871,86.26391851385556
1188,776.4160348701419,85.50601622970053
1189,777.0701343097966,84.76878738925585
1190,777.7242337494513,83.74026754651287
1191,778.378333189106,82.61610911130056
1192,779.0324326287607,81.40734476535317
1193,779.6865320684154,80.38577371907978
1194,780.3406315080701,79.68968737601675
1195,780.9947309477249,78.94082739035322
1196,781.6488303873796,78.09342843942886
1197,782.3029298270343,77.31104458098267
1198,782.957029266689,76.59526000887678
1199,783.6111287063437,75.9460747231112
1200,784.2652281459984,75.34650674216037
1201,784.919327585653,74.76713647583286
1202,785.5734270253078,74.20862273005656
1203,786.2275264649625,73.66841443053502
1204,786.8816259046172,73.11447217051627
1205,787.5357253442719,72.56250442812959
1206,788.1898247839266,72.012511203375
1207,788.8439242235813,71.42185273685587
1208,789.498023663236,70.81851546181346
1209,790.1521231028908,70.22609431292454
1210,790.8062225425455,69.61182384612327
1211,791.4603219822002,68.78759015207028
1212,792.1144214218549,67.8837288812296
1213,792.7685208615096,66.92282277853224
1214,793.4226203011643,66.37610231949543
1215,794.076719740819,65.93989461684075
1216,794.7308191804738,65.4624702147411
1217,795.3849186201285,64.97409995237571
1218,796.0390180597832,64.56678925678841
1219,796.6931174994379,64.15306917661412
1220,797.3472169390926,63.759209920309885
1221,798.0013163787473,63.33699684634478
1222,798.655415818402,62.89913723282966
1223,799.3095152580568,62.45511064202616
1224,799.9636146977114,62.02474051736709
1225,800.6177141373661,61.64766268529354
1226,801.2718135770208,61.27915482416416
1227,801.9259130166755,60.89725584973761
1228,802.5800124563302,60.58701225727767
1229,803.2341118959849,60.2874355173109
1230,803.8882113356397,59.98420300405655
1231,804.5423107752944,59.68572481907612
1232,805.1964102149491,59.39882378365996
1233,805.8505096546038,59.07703394860475
1234,806.5046090942585,58.72839526356288
1235,807.1587085339132,58.296467394162846
1236,807.8128079735679,57.86914345949952
1237,808.4669074132227,57.455381450371654
1238,809.1210068528774,57.092355144416935
1239,809.7751062925321,56.79073081304355
1240,810.4292057321868,56.50620631232482
1241,811.0833051718415,56.22215340398698
1242,811.7374046114962,55.95719962071276
1243,812.391504051151,55.70799344670171
1244,813.0456034908058,55.47416098075929
1245,813.6997029304605,55.282407480187416
1246,814.3538023701151,55.13512037232023
1247,815.0079018097698,55.0000884817801
1248,815.6620012494245,54.869737246073555
1249,816.3161006890792,54.58794148292249
1250,816.970200128734,54.303028328008544
1251,817.6242995683887,54.01499778133174
1252,818.2783990080434,53.753612138474736
1253,818.9324984476981,53.51030575175657
1254,819.5865978873528,53.283659357559074
1255,820.2406973270075,53.07323380520218
1256,820.8947967666622,52.86031936692151
1257,821.548896206317,52.636231477816594
1258,822.2029956459717,52.400970137887406
1259,822.8570950856264,52.169799027639364
1260,823.5111945252811,51.95030270369381
1261,824.1652939649358,51.73356609363399
1262,824.8193934045905,51.522954115869794
1263,825.4734928442452,51.332445273976425
1264,826.1275922839,51.14660828183754
1265,826.7816917235547,50.96307737866022
1266,827.4357911632094,50.76553307420554
1267,828.0898906028641,50.56304958571683
1268,828.7439900425188,50.35930930861855
1269,829.3980894821735,50.1599679032437
1270,830.0521889218281,49.98731637068019
1271,830.7062883614828,49.829541526594646
1272,831.3603878011376,49.662008255381494
1273,832.0144872407923,49.400268233567225
1274,832.668586680447,49.12075098004391
1275,833.3226861201017,48.848710720314884
1276,833.9767855597564,48.59978922683749
1277,834.6308849994111,48.394595848571335
1278,835.2849844390659,48.212828865434986
1279,835.9390838787206,48.07464327061193
1280,836.5931833183753,47.93835468158302
1281,837.24728275803,47.804066800954104
1282,837.9013821976847,47.67134151504405
1283,838.5554816373394,47.51441105744136
1284,839.2095810769941,47.3187200145686
1285,839.8636805166489,47.1647271595838
1286,840.5177799563036,47.055395401496106
1287,841.1718793959583,46.90871416597858
1288,841.825978835613,46.72656833731156
1289,842.4800782752677,46.51330385309926
1290,843.1341777149224,46.293733561860954
1291,843.7882771545771,46.12237665525069
1292,844.4423765942319,45.95017336647618
1293,845.0964760338865,45.63509623301137
1294,845.7505754735412,45.60399917433505
1295,846.4046749131959,45.61670879071795
1296,847.0587743528506,45.665247222924734
1297,847.7128737925053,45.61120890198737
1298,848.36697323216,45.43497799319418
1299,849.0210726718147,45.21998008082997
1300,849.6751721114695,44.95965475442679
1301,850.3292715511242,44.730018994575545
1302,850.9833709907789,44.534607415940926
1303,851.6374704304336,44.3734200184846
1304,852.2915698700883,44.1945674184828
1305,852.945669309743,43.90665712164642
1306,853.5997687493978,43.60371926745392
1307,854.2538681890525,43.315792514850614
1308,854.9079676287072,43.2906305311049
1309,855.5620670683619,43.32472882559826
1310,856.2161665080166,43.418087398330684
1311,856.8702659476713,43.2938819756172
1312,857.524365387326,43.06013817352694
1313,858.1784648269808,42.82312272048379
1314,858.8325642666355,42.551339168968724
1315,859.4866637062902,42.19481374129175
1316,860.1407631459449,41.93917111162942
1317,860.7948625855995,41.7859855776627
1318,861.4489620252542,41.72710466028318
1319,862.1030614649089,41.65788847569447
1320,862.7571609045636,41.55546181313774
1321,863.4112603442184,41.40700007033662
1322,864.0653597838731,41.206087877061684
1323,864.7194592235278,41.003313046446316
1324,865.3735586631825,40.79898852155901
1325,866.0276581028372,40.629886022929476
1326,866.6817575424919,40.46850656886027
1327,867.3358569821467,40.304776272541616
1328,867.9899564218014,40.10008758180548
1329,868.6440558614561,39.80509796975287
1330,869.2981553011108,39.4893865643014
1331,869.9522547407655,39.138705662075914
1332,870.6063541804202,38.781389610618376
1333,871.2604536200749,38.415649551699545
1334,871.9145530597297,38.040902112209096
1335,872.5686524993844,37.66646155827317
1336,873.2227519390391,37.30754123255651
1337,873.8768513786938,36.96495733729223
1338,874.5309508183485,36.61680306084675
1339,875.1850502580032,36.22544347718711
1340,875.839149697658,35.829412106727474
1341,876.4932491373125,35.43206970266837
1342,877.1473485769673,35.07181262788041
1343,877.801448016622,34.7438486619215
1344,878.4555474562767,34.3731935111697
1345,879.1096468959314,34.01081750200021
1346,879.7637463355861,33.60300760228385
1347,880.4178457752408,33.20633658544684
1348,881.0719452148955,32.821603534760385
1349,881.7260446545503,32.38590763130198
1350,882.380144094205,31.857824186186395
1351,883.0342435338597,31.348028012620823
1352,883.6883429735144,30.86093730352683
1353,884.3424424131691,30.305684011810907
1354,884.9965418528238,29.793532602454277
1355,885.6506412924786,29.324483075456946
1356,886.3047407321333,28.91353224992481
1357,886.958840171788,28.53287638951932
1358,887.6129396114427,28.189573629153685
1359,888.2670390510974,27.89071868172074
1360,888.9211384907521,27.68393646871613
1361,889.5752379304068,27.520593643617296
1362,890.2293373700616,27.40069020642036
1363,890.8834368097163,26.87634777148539
1364,891.537536249371,26.162324423276875
1365,892.1916356890257,25.46983514944646
1366,892.8457351286804,24.75771980813297
1367,893.4998345683351,23.851163636027604
1368,894.1539340079898,22.89934459659654
1369,894.8080334476446,21.910720761684182
1370,895.4621328872993,21.37309974488067
1371,896.116232326954,20.944312074220264
1372,896.7703317666087,20.45669486444365
1373,897.4244312062634,19.98490488126656
1374,898.0785306459181,19.68974635451181
1375,898.7326300855729,19.367253268803537
1376,899.3867295252276,19.01381057245342
1377,900.0408289648823,18.6526363085274
1378,900.694928404537,18.255806360306018
1379,901.3490278441917,17.80835041059609
1380,902.0031272838464,17.31019542491297
1381,902.6572267235011,16.779566460332013
1382,903.3113261631559,16.277737535435804
1383,903.9654256028106,15.767159328569186
1384,904.6195250424653,14.642602766891564
1385,905.27362448212,13.514268753359723
1386,905.9277239217746,12.477678867443801
1387,906.5818233614293,11.645933886323137
1388,907.235922801084,11.022026689105457
1389,907.8900222407387,10.435327596543841
1390,908.5441216803935,9.821052811645966
1391,909.1982211200482,9.360530866077706
1392,909.8523205597029,8.896535215977202
1393,910.5064199993576,8.414829932801599
1394,911.1605194390123,7.834242850130821
1395,911.814618878667,7.181268428931007
1396,912.4687183183217,6.555905928574795
1397,913.1228177579765,5.946524849818829
1398,913.7769171976312,5.601434416416707
1399,914.4310166372859,5.259429091521272
1400,915.0851160769406,4.919116210310478
1401,915.7392155165953,4.601816807152293
1402,916.39331495625,4.268856159569803
1403,917.0474143959048,3.9291359312747387
1404,917.7015138355595,3.590012186079533
1405,918.3556132752142,3.3026608907523283
1406,919.0097127148689,3.0185853359416965
1407,919.6638121545236,2.737785521647637
1408,920.3179115941783,2.4424550579214115
1409,920.972011033833,2.1417722776080055
1410,921.6261104734876,1.8449825394393118
1411,922.2802099131424,1.554300708056656
1412,922.9343093527971,1.285617474872537
1413,923.5884087924518,1.0266940437082175
1414,924.2425082321065,0.7775304145636974
1415,924.8966076717612,1.273293568136907
1416,925.5507071114159,1.8416267561206658
1417,926.2048065510706,2.4044656801781175
1418,926.8589059907254,3.089120364459665
1419,927.5130054303801,4.0009446802837445
1420,928.1671048700348,4.435296419921147
1421,928.8212043096895,4.33263991317175
